<?xml version="1.0" encoding="utf-8"?>
<ServiceModelInstallationInfo xmlns:xsi="http://www.w3.org/2001/XMLSchema-instance" xmlns:xsd="http://www.w3.org/2001/XMLSchema">
  <Name>AOSService</Name>
  <Description />
  <InstallationDateTime>2019-10-22T23:59:28.9204893-07:00</InstallationDateTime>
  <InstallationInfoFilePath>d:\dbs\sh\rfs\1022_223527\cmd\0\Drop\retail\Services\AOSService\Scripts\InstallationInfo.xml</InstallationInfoFilePath>
  <Version>7.0.5457.16687</Version>
  <Publisher>Microsoft Corporation</Publisher>
  <GeneratedFromAXMetadata>false</GeneratedFromAXMetadata>
  <Configuration />
  <CustomName />
  <CustomVersion />
  <CustomDescription />
  <CustomPublisher />
  <ServiceModelGroup>Platform</ServiceModelGroup>
  <ReleaseVersion>Update31</ReleaseVersion>
  <ProductRegisteredName>Microsoft Dynamics 365 for Finance and Operations</ProductRegisteredName>
</ServiceModelInstallationInfo>